{"count":1,"self":365.63084799999996,"total":1570.266776,"children":{"InitializeActuators":{"count":8,"self":0.00083499999999999991,"total":0.00083499999999999991,"children":null},"InitializeSensors":{"count":8,"self":0.0010789999999999999,"total":0.0010789999999999999,"children":null},"AgentSendState":{"count":1250251,"self":62.3113344,"total":72.550549,"children":{"CollectObservations":{"count":1000208,"self":0.923017,"total":0.923017,"children":null},"WriteActionMask":{"count":1000208,"self":0.376459,"total":0.376459,"children":null},"RequestDecision":{"count":1000208,"self":1.569834,"total":8.939741,"children":{"AgentInfo.ToProto":{"count":1000208,"self":1.271914,"total":7.3699069999999995,"children":{"GenerateSensorData":{"count":1000208,"self":4.8703248,"total":6.097993,"children":{"RayPerceptionSensor.Perceive":{"count":1000208,"self":1.227668,"total":1.227668,"children":null}}}}}}}}},"DecideAction":{"count":1250251,"self":1120.9099264,"total":1120.9099589999998,"children":null},"AgentAct":{"count":1250251,"self":11.089715199999999,"total":11.089715,"children":null},"AgentInfo.ToProto":{"count":7010,"self":0.018324999999999998,"total":0.08334,"children":{"GenerateSensorData":{"count":7010,"self":0.05004,"total":0.065015,"children":{"RayPerceptionSensor.Perceive":{"count":7010,"self":0.014974999999999999,"total":0.014974999999999999,"children":null}}}}}},"gauges":{"PlayerBehaviour.CumulativeReward":{"count":7010,"max":375,"min":-20,"runningAverage":43.6984444,"value":59,"weightedAverage":43.06327}},"metadata":{"timer_format_version":"0.1.0","start_time_seconds":"1686109159","unity_version":"2021.3.18f1","command_line_arguments":"\/Applications\/Unity\/Hub\/Editor\/2021.3.18f1\/Unity.app\/Contents\/MacOS\/Unity -projectpath \/Users\/nilnguyen\/Desktop\/Flappy dream\/GAIT_A2_template -useHub -hubIPC -cloudEnvironment production -licensingIpc LicenseClient-nilnguyen -hubSessionId c7d50786-21c0-4710-8a59-f298b8390838","communication_protocol_version":"1.5.0","com.unity.ml-agents_version":"2.0.1","scene_name":"Main","end_time_seconds":"1686110729"}}