{"count":1,"self":159.50452479999998,"total":2199.7823519999997,"children":{"InitializeActuators":{"count":8,"self":0.000958,"total":0.000958,"children":null},"InitializeSensors":{"count":8,"self":0.0017289999999999999,"total":0.0017289999999999999,"children":null},"AgentSendState":{"count":586801,"self":301.45902079999996,"total":379.25850399999996,"children":{"CollectObservations":{"count":469448,"self":0.47836199999999995,"total":0.47836199999999995,"children":null},"WriteActionMask":{"count":469448,"self":0.21934599999999999,"total":0.21934599999999999,"children":null},"RequestDecision":{"count":469448,"self":1.0430139999999999,"total":77.101777,"children":{"AgentInfo.ToProto":{"count":469448,"self":0.761631,"total":76.058763,"children":{"GenerateSensorData":{"count":469448,"self":72.164934399999993,"total":75.297131999999991,"children":{"RayPerceptionSensor.Perceive":{"count":1877792,"self":3.1321969999999997,"total":3.1321969999999997,"children":null}}}}}}}}},"DecideAction":{"count":586801,"self":1653.6521728,"total":1653.6521739999998,"children":null},"AgentAct":{"count":586801,"self":7.3367511999999993,"total":7.336751,"children":null},"AgentInfo.ToProto":{"count":157,"self":0.00058599999999999993,"total":0.026919,"children":{"GenerateSensorData":{"count":157,"self":0.025013999999999998,"total":0.026333,"children":{"RayPerceptionSensor.Perceive":{"count":628,"self":0.0013189999999999999,"total":0.0013189999999999999,"children":null}}}}}},"gauges":{"PlayerBehaviour.CumulativeReward":{"count":157,"max":1838.60437,"min":6.29999161,"runningAverage":478.835938,"value":1021.25043,"weightedAverage":697.8843}},"metadata":{"timer_format_version":"0.1.0","start_time_seconds":"1686378713","unity_version":"2021.3.18f1","command_line_arguments":"\/Applications\/Unity\/Hub\/Editor\/2021.3.18f1\/Unity.app\/Contents\/MacOS\/Unity -projectpath \/Users\/nilnguyen\/Desktop\/Flappy dream\/GAIT_A2_template -useHub -hubIPC -cloudEnvironment production -licensingIpc LicenseClient-nilnguyen -hubSessionId b669b91c-51db-4689-b3c8-7228412bbb3a","communication_protocol_version":"1.5.0","com.unity.ml-agents_version":"2.0.1","scene_name":"Main","end_time_seconds":"1686380912"}}