{"count":1,"self":3.854326,"total":105.56878999999999,"children":{"InitializeActuators":{"count":8,"self":0.000888,"total":0.000888,"children":null},"InitializeSensors":{"count":8,"self":0.001593,"total":0.001593,"children":null},"AgentSendState":{"count":8967,"self":2.206343,"total":2.3644879999999997,"children":{"CollectObservations":{"count":7176,"self":0.0029349999999999997,"total":0.0029349999999999997,"children":null},"WriteActionMask":{"count":7176,"self":0.0031409999999999997,"total":0.0031409999999999997,"children":null},"RequestDecision":{"count":7176,"self":0.018344,"total":0.15206899999999998,"children":{"AgentInfo.ToProto":{"count":7176,"self":0.010910999999999999,"total":0.13372499999999998,"children":{"GenerateSensorData":{"count":7176,"self":0.093197999999999989,"total":0.12281399999999999,"children":{"RayPerceptionSensor.Perceive":{"count":21528,"self":0.029616,"total":0.029616,"children":null}}}}}}}}},"DecideAction":{"count":8967,"self":99.245734399999989,"total":99.245736999999991,"children":null},"AgentAct":{"count":8967,"self":0.100101,"total":0.100101,"children":null},"AgentInfo.ToProto":{"count":51,"self":0.000159,"total":0.001246,"children":{"GenerateSensorData":{"count":51,"self":0.000783,"total":0.0010869999999999999,"children":{"RayPerceptionSensor.Perceive":{"count":153,"self":0.00030399999999999996,"total":0.00030399999999999996,"children":null}}}}}},"gauges":{"PlayerBehaviour.CumulativeReward":{"count":51,"max":2.02000546,"min":-1.10100007,"runningAverage":-0.100352637,"value":1.74000525,"weightedAverage":0.5507808}},"metadata":{"timer_format_version":"0.1.0","start_time_seconds":"1686471732","unity_version":"2021.3.18f1","command_line_arguments":"\/Applications\/Unity\/Hub\/Editor\/2021.3.18f1\/Unity.app\/Contents\/MacOS\/Unity -projectpath \/Users\/nilnguyen\/Desktop\/Flappy dream\/GAIT_A2_template -useHub -hubIPC -cloudEnvironment production -licensingIpc LicenseClient-nilnguyen -hubSessionId b669b91c-51db-4689-b3c8-7228412bbb3a -projectpath \/Users\/nilnguyen\/Desktop\/Flappy dream\/GAIT_A2_template -useHub -hubIPC -cloudEnvironment production -licensingIpc LicenseClient-nilnguyen -hubSessionId b669b91c-51db-4689-b3c8-7228412bbb3a","communication_protocol_version":"1.5.0","com.unity.ml-agents_version":"2.0.1","scene_name":"Main","end_time_seconds":"1686471838"}}