{
    "name": "root",
    "gauges": {
        "PlayerBehaviour.Policy.Entropy.mean": {
            "value": 0.1667843908071518,
            "min": 0.1401117891073227,
            "max": 1.2742823362350464,
            "count": 102
        },
        "PlayerBehaviour.Policy.Entropy.sum": {
            "value": 1626.4814453125,
            "min": 1398.8760986328125,
            "max": 13058.845703125,
            "count": 102
        },
        "PlayerBehaviour.Step.mean": {
            "value": 1019982.0,
            "min": 9953.0,
            "max": 1019982.0,
            "count": 102
        },
        "PlayerBehaviour.Step.sum": {
            "value": 1019982.0,
            "min": 9953.0,
            "max": 1019982.0,
            "count": 102
        },
        "PlayerBehaviour.Policy.ExtrinsicValueEstimate.mean": {
            "value": 33.1314697265625,
            "min": 3.522517442703247,
            "max": 37.88572311401367,
            "count": 102
        },
        "PlayerBehaviour.Policy.ExtrinsicValueEstimate.sum": {
            "value": 5400.4296875,
            "min": 676.3233642578125,
            "max": 6364.8017578125,
            "count": 102
        },
        "PlayerBehaviour.Policy.CuriosityValueEstimate.mean": {
            "value": 0.5836585164070129,
            "min": 0.5740435123443604,
            "max": 10.248023986816406,
            "count": 102
        },
        "PlayerBehaviour.Policy.CuriosityValueEstimate.sum": {
            "value": 95.13633728027344,
            "min": 93.92713928222656,
            "max": 1947.1246337890625,
            "count": 102
        },
        "PlayerBehaviour.Environment.EpisodeLength.mean": {
            "value": 569.1764705882352,
            "min": 137.52857142857144,
            "max": 918.75,
            "count": 102
        },
        "PlayerBehaviour.Environment.EpisodeLength.sum": {
            "value": 9676.0,
            "min": 7142.0,
            "max": 11897.0,
            "count": 102
        },
        "PlayerBehaviour.LevelReached.mean": {
            "value": 42.05882352941177,
            "min": 2.1714285714285713,
            "max": 61.333333333333336,
            "count": 102
        },
        "PlayerBehaviour.LevelReached.sum": {
            "value": 715.0,
            "min": 152.0,
            "max": 908.0,
            "count": 102
        },
        "PlayerBehaviour.Environment.CumulativeReward.mean": {
            "value": 204.1764705882353,
            "min": 12.542857142857143,
            "max": 323.75,
            "count": 102
        },
        "PlayerBehaviour.Environment.CumulativeReward.sum": {
            "value": 3471.0,
            "min": 878.0,
            "max": 5042.0,
            "count": 102
        },
        "PlayerBehaviour.Policy.ExtrinsicReward.mean": {
            "value": 204.1764705882353,
            "min": 12.542857142857143,
            "max": 323.75,
            "count": 102
        },
        "PlayerBehaviour.Policy.ExtrinsicReward.sum": {
            "value": 3471.0,
            "min": 878.0,
            "max": 5042.0,
            "count": 102
        },
        "PlayerBehaviour.Policy.CuriosityReward.mean": {
            "value": 1.5099748608875363,
            "min": 1.4584212987683713,
            "max": 17.251318817266394,
            "count": 102
        },
        "PlayerBehaviour.Policy.CuriosityReward.sum": {
            "value": 25.669572635088116,
            "min": 23.14639447722584,
            "max": 1207.5923172086477,
            "count": 102
        },
        "PlayerBehaviour.Losses.PolicyLoss.mean": {
            "value": 0.09392457502754101,
            "min": 0.0875232353001649,
            "max": 0.10281807671173153,
            "count": 102
        },
        "PlayerBehaviour.Losses.PolicyLoss.sum": {
            "value": 1.5967177754681972,
            "min": 1.4940064544091003,
            "max": 1.9039264169456953,
            "count": 102
        },
        "PlayerBehaviour.Losses.ValueLoss.mean": {
            "value": 9.370545618810683,
            "min": 3.6621171100913648,
            "max": 18.134617488730104,
            "count": 102
        },
        "PlayerBehaviour.Losses.ValueLoss.sum": {
            "value": 159.29927551978162,
            "min": 65.91810798164457,
            "max": 326.42311479714186,
            "count": 102
        },
        "PlayerBehaviour.Policy.LearningRate.mean": {
            "value": 0.00023909928618259766,
            "min": 0.00023909928618259766,
            "max": 0.00029968637010454333,
            "count": 102
        },
        "PlayerBehaviour.Policy.LearningRate.sum": {
            "value": 0.00406468786510416,
            "min": 0.00406468786510416,
            "max": 0.00566014243328586,
            "count": 102
        },
        "PlayerBehaviour.Policy.Epsilon.mean": {
            "value": 0.17969975529411766,
            "min": 0.17969975529411766,
            "max": 0.19989545666666667,
            "count": 102
        },
        "PlayerBehaviour.Policy.Epsilon.sum": {
            "value": 3.0548958400000004,
            "min": 3.0548958400000004,
            "max": 3.78671414,
            "count": 102
        },
        "PlayerBehaviour.Policy.Beta.mean": {
            "value": 0.00040052880094117643,
            "min": 0.00040052880094117643,
            "max": 0.0004994877376666667,
            "count": 102
        },
        "PlayerBehaviour.Policy.Beta.sum": {
            "value": 0.006808989615999999,
            "min": 0.006808989615999999,
            "max": 0.009434899286,
            "count": 102
        },
        "PlayerBehaviour.Losses.CuriosityForwardLoss.mean": {
            "value": 0.02667949145531976,
            "min": 0.02647427203705718,
            "max": 6.76759137465722,
            "count": 102
        },
        "PlayerBehaviour.Losses.CuriosityForwardLoss.sum": {
            "value": 0.45355135474043595,
            "min": 0.45355135474043595,
            "max": 121.81664474382997,
            "count": 102
        },
        "PlayerBehaviour.Losses.CuriosityInverseLoss.mean": {
            "value": 0.030144376826249642,
            "min": 0.02608281735959292,
            "max": 1.2465985131926007,
            "count": 102
        },
        "PlayerBehaviour.Losses.CuriosityInverseLoss.sum": {
            "value": 0.5124544060462439,
            "min": 0.46949071247267254,
            "max": 22.438773237466812,
            "count": 102
        },
        "PlayerBehaviour.IsTraining.mean": {
            "value": 1.0,
            "min": 1.0,
            "max": 1.0,
            "count": 102
        },
        "PlayerBehaviour.IsTraining.sum": {
            "value": 1.0,
            "min": 1.0,
            "max": 1.0,
            "count": 102
        }
    },
    "metadata": {
        "timer_format_version": "0.1.0",
        "start_time_seconds": "1686122344",
        "python_version": "3.8.13 (default, Oct 19 2022, 17:52:09) \n[Clang 12.0.0 ]",
        "command_line_arguments": "/opt/homebrew/anaconda3/envs/gait-ml/bin/mlagents-learn config/roguelike.yaml --run-id=sensor-reward-12",
        "mlagents_version": "0.30.0",
        "mlagents_envs_version": "0.30.0",
        "communication_protocol_version": "1.5.0",
        "pytorch_version": "2.1.0.dev20230514",
        "numpy_version": "1.21.2",
        "end_time_seconds": "1686125099"
    },
    "total": 2755.4416836660002,
    "count": 1,
    "self": 0.002842956999757007,
    "children": {
        "run_training.setup": {
            "total": 0.013748708999999915,
            "count": 1,
            "self": 0.013748708999999915
        },
        "TrainerController.start_learning": {
            "total": 2755.4250920000004,
            "count": 1,
            "self": 1.429173739016278,
            "children": {
                "TrainerController._reset_env": {
                    "total": 4.424281541999999,
                    "count": 1,