{
    "name": "root",
    "gauges": {
        "PlayerBehaviour.Policy.Entropy.mean": {
            "value": 0.2288830280303955,
            "min": 0.2288830280303955,
            "max": 1.366505742073059,
            "count": 9
        },
        "PlayerBehaviour.Policy.Entropy.sum": {
            "value": 1144.4151611328125,
            "min": 1144.4151611328125,
            "max": 6843.4609375,
            "count": 9
        },
        "PlayerBehaviour.Step.mean": {
            "value": 44998.0,
            "min": 4995.0,
            "max": 44998.0,
            "count": 9
        },
        "PlayerBehaviour.Step.sum": {
            "value": 44998.0,
            "min": 4995.0,
            "max": 44998.0,
            "count": 9
        },
        "PlayerBehaviour.Policy.ExtrinsicValueEstimate.mean": {
            "value": 24.975605010986328,
            "min": 0.05991428717970848,
            "max": 24.975605010986328,
            "count": 9
        },
        "PlayerBehaviour.Policy.ExtrinsicValueEstimate.sum": {
            "value": 25150.43359375,
            "min": 60.33368682861328,
            "max": 25150.43359375,
            "count": 9
        },
        "PlayerBehaviour.Environment.EpisodeLength.mean": {
            "value": 196.1,
            "min": 126.16216216216216,
            "max": 293.57894736842104,
            "count": 9
        },
        "PlayerBehaviour.Environment.EpisodeLength.sum": {
            "value": 5883.0,
            "min": 4166.0,
            "max": 5883.0,
            "count": 9
        },
        "PlayerBehaviour.LevelReached.mean": {
            "value": 6.366666666666666,
            "min": 1.3513513513513513,
            "max": 8.210526315789474,
            "count": 9
        },
        "PlayerBehaviour.LevelReached.sum": {
            "value": 191.0,
            "min": 50.0,
            "max": 191.0,
            "count": 9
        },
        "PlayerBehaviour.Environment.CumulativeReward.mean": {
            "value": 22.933333333333334,
            "min": 7.035714285714286,
            "max": 95.10526315789474,
            "count": 9
        },
        "PlayerBehaviour.Environment.CumulativeReward.sum": {
            "value": 688.0,
            "min": 197.0,
            "max": 1807.0,
            "count": 9
        },
        "PlayerBehaviour.Policy.ExtrinsicReward.mean": {
            "value": 22.933333333333334,
            "min": 7.035714285714286,
            "max": 95.10526315789474,
            "count": 9
        },
        "PlayerBehaviour.Policy.ExtrinsicReward.sum": {
            "value": 688.0,
            "min": 197.0,
            "max": 1807.0,
            "count": 9
        },
        "PlayerBehaviour.Losses.PolicyLoss.mean": {
            "value": 0.13600826399269864,
            "min": 0.13600826399269864,
            "max": 0.1457779907463191,
            "count": 9
        },
        "PlayerBehaviour.Losses.PolicyLoss.sum": {
            "value": 0.27201652798539727,
            "min": 0.27201652798539727,
            "max": 0.43517109792628617,
            "count": 9
        },
        "PlayerBehaviour.Losses.ValueLoss.mean": {
            "value": 49.83542024493217,
            "min": 2.0099456126918085,
            "max": 49.83542024493217,
            "count": 9
        },
        "PlayerBehaviour.Losses.ValueLoss.sum": {
            "value": 99.67084048986435,
            "min": 4.019891225383617,
            "max": 143.76226986572146,
            "count": 9
        },
        "PlayerBehaviour.Policy.LearningRate.mean": {
            "value": 0.0002999873413542069,
            "min": 0.0002999873413542069,
            "max": 0.00029999907180030844,
            "count": 9
        },
        "PlayerBehaviour.Policy.LearningRate.sum": {
            "value": 0.0005999746827084138,
            "min": 0.0005999746827084138,
            "max": 0.000899988884703694,
            "count": 9
        },
        "PlayerBehaviour.Policy.Epsilon.mean": {
            "value": 0.19999578044999577,
            "min": 0.19999578044999577,
            "max": 0.19999969059999967,
            "count": 9
        },
        "PlayerBehaviour.Policy.Epsilon.sum": {
            "value": 0.39999156089999155,
            "min": 0.39999156089999155,
            "max": 0.5999962948999964,
            "count": 9
        },
        "PlayerBehaviour.Policy.Beta.mean": {
            "value": 0.0004999793242049794,
            "min": 0.0004999793242049794,
            "max": 0.0004999984839399985,
            "count": 9
        },
        "PlayerBehaviour.Policy.Beta.sum": {
            "value": 0.0009999586484099588,
            "min": 0.0009999586484099588,
            "max": 0.0014999818450099817,
            "count": 9
        },
        "PlayerBehaviour.IsTraining.mean": {
            "value": 1.0,
            "min": 1.0,
            "max": 1.0,
            "count": 9
        },
        "PlayerBehaviour.IsTraining.sum": {
            "value": 1.0,
            "min": 1.0,
            "max": 1.0,
            "count": 9
        }
    },
    "metadata": {
        "timer_format_version": "0.1.0",
        "start_time_seconds": "1684909324",
        "python_version": "3.8.13 (default, Oct 19 2022, 17:52:09) \n[Clang 12.0.0 ]",
        "command_line_arguments": "/opt/homebrew/anaconda3/envs/gait-ml/bin/mlagents-learn config/roguelike.yaml --run-id=state-sensor3",
        "mlagents_version": "0.30.0",
        "mlagents_envs_version": "0.30.0",
        "communication_protocol_version": "1.5.0",
        "pytorch_version": "2.1.0.dev20230514",
        "numpy_version": "1.21.2",
        "end_time_seconds": "1684909473"
    },
    "total": 148.691348458,
    "count": 1,
    "self": 0.003361833999974806,
    "children": {
        "run_training.setup": {
            "total": 0.013635290999999938,
            "count": 1,
            "self": 0.013635290999999938
        },
        "TrainerController.start_learning": {
            "total": 148.674351333,
            "count": 1,
            "self": 0.07768453900024497,
            "children": {
                "TrainerController._reset_env": {
                    "total": 8.630382167,
                    "count": 1,
                    "self": 8.630382167
                },
                "TrainerController.advance": {
                    "total": 139.87683745999976,
                    "count": 6164,
                    "self": 0.06727966500014304,
                    "children": {
                        "env_step": {
                            "total": 79.50386641500039,
                            "count": 6164,
                            "self": 76.17548453999974,
                            "children": {
                                "SubprocessEnvManager._take_step": {
                                    "total": 3.2801367809999,
                                    "count": 6164,
                                    "self": 0.15037938899969383,
                                    "children": {
                                        "TorchPolicy.evaluate": {
                                            "total": 3.129757392000206,
                                            "count": 5931,
                                            "self": 3.129757392000206
                                        }
                                    }
                                },
                                "workers": {
                                    "total": 0.048245094000744615,
                                    "count": 6163,
                                    "self": 0.0,
                                    "children": {
                                        "worker_root": {
                                            "total": 131.49704767399953,
                                            "count": 6163,
                                            "is_parallel": true,
                                            "self": 67.49118805199969,