{
    "name": "root",
    "gauges": {
        "PlayerBehaviour.Policy.Entropy.mean": {
            "value": 0.6005398631095886,
            "min": 0.6005398631095886,
            "max": 1.3636707067489624,
            "count": 5
        },
        "PlayerBehaviour.Policy.Entropy.sum": {
            "value": 3002.69921875,
            "min": 3002.69921875,
            "max": 6829.2626953125,
            "count": 5
        },
        "PlayerBehaviour.Step.mean": {
            "value": 24998.0,
            "min": 4995.0,
            "max": 24998.0,
            "count": 5
        },
        "PlayerBehaviour.Step.sum": {
            "value": 24998.0,
            "min": 4995.0,
            "max": 24998.0,
            "count": 5
        },
        "PlayerBehaviour.Policy.ExtrinsicValueEstimate.mean": {
            "value": 11.466133117675781,
            "min": 0.4588567614555359,
            "max": 11.466133117675781,
            "count": 5
        },
        "PlayerBehaviour.Policy.ExtrinsicValueEstimate.sum": {
            "value": 11500.53125,
            "min": 462.0687561035156,
            "max": 11500.53125,
            "count": 5
        },
        "PlayerBehaviour.Environment.EpisodeLength.mean": {
            "value": 107.31818181818181,
            "min": 107.31818181818181,
            "max": 128.4102564102564,
            "count": 5
        },
        "PlayerBehaviour.Environment.EpisodeLength.sum": {
            "value": 4722.0,
            "min": 4464.0,
            "max": 5089.0,
            "count": 5
        },
        "PlayerBehaviour.LevelReached.mean": {
            "value": 7.659090909090909,
            "min": 1.8611111111111112,
            "max": 7.8604651162790695,
            "count": 5
        },
        "PlayerBehaviour.LevelReached.sum": {
            "value": 337.0,
            "min": 67.0,
            "max": 338.0,
            "count": 5
        },
        "PlayerBehaviour.Environment.CumulativeReward.mean": {
            "value": 54.81818181818182,
            "min": 15.0,
            "max": 62.58139534883721,
            "count": 5
        },
        "PlayerBehaviour.Environment.CumulativeReward.sum": {
            "value": 2412.0,
            "min": 540.0,
            "max": 2691.0,
            "count": 5
        },
        "PlayerBehaviour.Policy.ExtrinsicReward.mean": {
            "value": 54.81818181818182,
            "min": 15.0,
            "max": 62.58139534883721,
            "count": 5
        },
        "PlayerBehaviour.Policy.ExtrinsicReward.sum": {
            "value": 2412.0,
            "min": 540.0,
            "max": 2691.0,
            "count": 5
        },
        "PlayerBehaviour.Losses.PolicyLoss.mean": {
            "value": 0.13871921534215895,
            "min": 0.13871921534215895,
            "max": 0.14602738503065968,
            "count": 5
        },
        "PlayerBehaviour.Losses.PolicyLoss.sum": {
            "value": 0.41615764602647687,
            "min": 0.2821893524931511,
            "max": 0.43808215509197906,
            "count": 5
        },
        "PlayerBehaviour.Losses.ValueLoss.mean": {
            "value": 25.94497275451819,
            "min": 3.623988230788382,
            "max": 25.94497275451819,
            "count": 5
        },
        "PlayerBehaviour.Losses.ValueLoss.sum": {
            "value": 77.83491826355457,
            "min": 7.247976461576764,
            "max": 77.83491826355457,
            "count": 5
        },
        "PlayerBehaviour.Policy.LearningRate.mean": {
            "value": 0.0002999932062022577,
            "min": 0.0002999932062022577,
            "max": 0.00029999907465030754,
            "count": 5
        },
        "PlayerBehaviour.Policy.LearningRate.sum": {
            "value": 0.0008999796186067732,
            "min": 0.0005999894913034922,
            "max": 0.0008999888712036985,
            "count": 5
        },
        "PlayerBehaviour.Policy.Epsilon.mean": {
            "value": 0.19999773539999777,
            "min": 0.19999773539999777,
            "max": 0.19999969154999972,
            "count": 5
        },
        "PlayerBehaviour.Policy.Epsilon.sum": {
            "value": 0.5999932061999933,
            "min": 0.3999964970999965,
            "max": 0.5999962903999964,
            "count": 5
        },
        "PlayerBehaviour.Policy.Beta.mean": {
            "value": 0.000499988903459989,
            "min": 0.000499988903459989,
            "max": 0.0004999984885949984,
            "count": 5
        },
        "PlayerBehaviour.Policy.Beta.sum": {
            "value": 0.0014999667103799672,
            "min": 0.000999982835789983,
            "max": 0.001499981822959982,
            "count": 5
        },
        "PlayerBehaviour.IsTraining.mean": {
            "value": 1.0,
            "min": 1.0,
            "max": 1.0,
            "count": 5
        },
        "PlayerBehaviour.IsTraining.sum": {
            "value": 1.0,
            "min": 1.0,
            "max": 1.0,
            "count": 5
        }
    },
    "metadata": {
        "timer_format_version": "0.1.0",
        "start_time_seconds": "1684908965",
        "python_version": "3.8.13 (default, Oct 19 2022, 17:52:09) \n[Clang 12.0.0 ]",
        "command_line_arguments": "/opt/homebrew/anaconda3/envs/gait-ml/bin/mlagents-learn config/roguelike.yaml --run-id=state-sensor2",
        "mlagents_version": "0.30.0",
        "mlagents_envs_version": "0.30.0",
        "communication_protocol_version": "1.5.0",
        "pytorch_version": "2.1.0.dev20230514",
        "numpy_version": "1.21.2",
        "end_time_seconds": "1684909123"
    },
    "total": 157.92890075,
    "count": 1,
    "self": 0.00324533300002372,
    "children": {
        "run_training.setup": {
            "total": 0.01386454200000009,
            "count": 1,
            "self": 0.01386454200000009
        },
        "TrainerController.start_learning": {
            "total": 157.91179087499998,
            "count": 1,
            "self": 0.04272191300000827,
            "children": {
                "TrainerController._reset_env": {
                    "total": 9.538215083,
                    "count": 1,
                    "self": 9.538215083
                },
                "TrainerController.advance": {
                    "total": 148.21137612899997,
                    "count": 3372,
                    "self": 0.03772481100000391,
                    "children": {
                        "env_step": {
                            "total": 113.49381686599986,
                            "count": 3372,
                            "self": 111.63368559300048,
                            "children": {
                                "SubprocessEnvManager._take_step": {
                                    "total": 1.8329288049994261,
                                    "count": 3372,
                                    "self": 0.08139553099932151,
                                    "children": {
                                        "TorchPolicy.evaluate": {
                                            "total": 1.7515332740001046,
                                            "count": 3174,
                                            "self": 1.7515332740001046
                                        }
                                    }
                                },
                                "workers": {
                                    "total": 0.027202467999957847,
                                    "count": 3371,
                                    "self": 0.0,
                                    "children": {
                                        "worker_root": {
                                            "total": 86.65252305399986,
                                            "count": 3371,
                                            "is_parallel": true,
                                            "self": 38.68551229499944,